{"assets/add_friend.png":["assets/add_friend.png"],"assets/add_group.png":["assets/add_group.png"],"assets/background.jpg":["assets/background.jpg"],"assets/blackList.png":["assets/blackList.png"],"assets/blackList_bright.png":["assets/blackList_bright.png"],"assets/blackList_brisk.png":["assets/blackList_brisk.png"],"assets/blackList_fantasy.png":["assets/blackList_fantasy.png"],"assets/blackList_solemn.png":["assets/blackList_solemn.png"],"assets/black_list.png":["assets/black_list.png"],"assets/c2c_conv.png":["assets/c2c_conv.png"],"assets/certs/DigiCert.pem":["assets/certs/DigiCert.pem"],"assets/chat.png":["assets/chat.png"],"assets/chat_active.png":["assets/chat_active.png"],"assets/contact.png":["assets/contact.png"],"assets/contact_active.png":["assets/contact_active.png"],"assets/copy.png":["assets/copy.png"],"assets/customerService.png":["assets/customerService.png"],"assets/default_avatar.png":["assets/default_avatar.png"],"assets/file.png":["assets/file.png"],"assets/file_active.png":["assets/file_active.png"],"assets/fonts/Courier/CourierPrime-Bold.ttf":["assets/fonts/Courier/CourierPrime-Bold.ttf"],"assets/fonts/Courier/CourierPrime-BoldItalic.ttf":["assets/fonts/Courier/CourierPrime-BoldItalic.ttf"],"assets/fonts/Courier/CourierPrime-Italic.ttf":["assets/fonts/Courier/CourierPrime-Italic.ttf"],"assets/fonts/Courier/CourierPrime-Regular.ttf":["assets/fonts/Courier/CourierPrime-Regular.ttf"],"assets/fonts/consola.ttf":["assets/fonts/consola.ttf"],"assets/group_conv.png":["assets/group_conv.png"],"assets/hero_image.png":["assets/hero_image.png"],"assets/icons/doc.png":["assets/icons/doc.png"],"assets/icons/folder.png":["assets/icons/folder.png"],"assets/icons/inquiry.png":["assets/icons/inquiry.png"],"assets/icons/mydoc.png":["assets/icons/mydoc.png"],"assets/icons/note.png":["assets/icons/note.png"],"assets/icons/notelocked.png":["assets/icons/notelocked.png"],"assets/icons/ppt.png":["assets/icons/ppt.png"],"assets/icons/print.png":["assets/icons/print.png"],"assets/icons/publish.png":["assets/icons/publish.png"],"assets/icons/publish_green.png":["assets/icons/publish_green.png"],"assets/icons/published.png":["assets/icons/published.png"],"assets/icons/quote.png":["assets/icons/quote.png"],"assets/icons/quote0.png":["assets/icons/quote0.png"],"assets/icons/quote1.png":["assets/icons/quote1.png"],"assets/icons/save.png":["assets/icons/save.png"],"assets/icons/save0.png":["assets/icons/save0.png"],"assets/icons/share-folder.png":["assets/icons/share-folder.png"],"assets/icons/share-folder1 (2).png":["assets/icons/share-folder1 (2).png"],"assets/icons/share-folder1.png":["assets/icons/share-folder1.png"],"assets/icons/share-folder3.png":["assets/icons/share-folder3.png"],"assets/icons/share-folder4.png":["assets/icons/share-folder4.png"],"assets/icons/share-folder5.png":["assets/icons/share-folder5.png"],"assets/icons/share-folder6.png":["assets/icons/share-folder6.png"],"assets/icons/template.png":["assets/icons/template.png"],"assets/icons/user.jpg":["assets/icons/user.jpg"],"assets/icons/workflow.png":["assets/icons/workflow.png"],"assets/images/bg1.jpeg":["assets/images/bg1.jpeg"],"assets/images/bg10.jpg":["assets/images/bg10.jpg"],"assets/images/bg2.jpeg":["assets/images/bg2.jpeg"],"assets/images/bg3.jpeg":["assets/images/bg3.jpeg"],"assets/images/bg4.jpeg":["assets/images/bg4.jpeg"],"assets/images/bg5.jpeg":["assets/images/bg5.jpeg"],"assets/images/bg6.jpeg":["assets/images/bg6.jpeg"],"assets/images/bg7.jpeg":["assets/images/bg7.jpeg"],"assets/images/bg8.jpeg":["assets/images/bg8.jpeg"],"assets/images/bg9.jpeg":["assets/images/bg9.jpeg"],"assets/images/nxxii.png":["assets/images/nxxii.png"],"assets/my_group.png":["assets/my_group.png"],"assets/newContact.png":["assets/newContact.png"],"assets/newContact_bright.png":["assets/newContact_bright.png"],"assets/newContact_brisk.png":["assets/newContact_brisk.png"],"assets/newContact_fantasy.png":["assets/newContact_fantasy.png"],"assets/newContact_solemn.png":["assets/newContact_solemn.png"],"assets/new_contact.png":["assets/new_contact.png"],"assets/pin_red.png":["assets/pin_red.png"],"assets/ppttemplate/default/bg1.jpeg":["assets/ppttemplate/default/bg1.jpeg"],"assets/ppttemplate/default/bg10.jpeg":["assets/ppttemplate/default/bg10.jpeg"],"assets/ppttemplate/default/bg2.jpeg":["assets/ppttemplate/default/bg2.jpeg"],"assets/ppttemplate/default/bg3.jpeg":["assets/ppttemplate/default/bg3.jpeg"],"assets/ppttemplate/default/bg4.jpeg":["assets/ppttemplate/default/bg4.jpeg"],"assets/ppttemplate/default/bg5.jpeg":["assets/ppttemplate/default/bg5.jpeg"],"assets/ppttemplate/default/bg6.jpeg":["assets/ppttemplate/default/bg6.jpeg"],"assets/ppttemplate/default/bg7.jpeg":["assets/ppttemplate/default/bg7.jpeg"],"assets/ppttemplate/default/bg8.jpeg":["assets/ppttemplate/default/bg8.jpeg"],"assets/ppttemplate/default/bg9.jpeg":["assets/ppttemplate/default/bg9.jpeg"],"assets/ppttemplate/default/sample_gif.gif":["assets/ppttemplate/default/sample_gif.gif"],"assets/ppttemplate/default/sample_jpg.jpg":["assets/ppttemplate/default/sample_jpg.jpg"],"assets/ppttemplate/default/sample_png.png":["assets/ppttemplate/default/sample_png.png"],"assets/ppttemplate/modern/bg1.jpeg":["assets/ppttemplate/modern/bg1.jpeg"],"assets/ppttemplate/modern/bg10.jpeg":["assets/ppttemplate/modern/bg10.jpeg"],"assets/ppttemplate/modern/bg2.jpeg":["assets/ppttemplate/modern/bg2.jpeg"],"assets/ppttemplate/modern/bg3.jpeg":["assets/ppttemplate/modern/bg3.jpeg"],"assets/ppttemplate/modern/bg4.jpeg":["assets/ppttemplate/modern/bg4.jpeg"],"assets/ppttemplate/modern/bg5.jpeg":["assets/ppttemplate/modern/bg5.jpeg"],"assets/ppttemplate/modern/bg6.jpeg":["assets/ppttemplate/modern/bg6.jpeg"],"assets/ppttemplate/modern/bg7.jpeg":["assets/ppttemplate/modern/bg7.jpeg"],"assets/ppttemplate/modern/bg8.jpeg":["assets/ppttemplate/modern/bg8.jpeg"],"assets/ppttemplate/modern/bg9.jpeg":["assets/ppttemplate/modern/bg9.jpeg"],"assets/ppttemplate/modern/sample_gif.gif":["assets/ppttemplate/modern/sample_gif.gif"],"assets/ppttemplate/modern/sample_jpg.jpg":["assets/ppttemplate/modern/sample_jpg.jpg"],"assets/ppttemplate/modern/sample_png.png":["assets/ppttemplate/modern/sample_png.png"],"assets/profile.png":["assets/profile.png"],"assets/profile_active.png":["assets/profile_active.png"],"assets/report_template.html":["assets/report_template.html"],"assets/report_template.html.old":["assets/report_template.html.old"],"assets/topic.png":["assets/topic.png"],"assets/topic_icon.png":["assets/topic_icon.png"],"packages/cupertino_icons/assets/CupertinoIcons.ttf":["packages/cupertino_icons/assets/CupertinoIcons.ttf"],"packages/flutter_math_fork/lib/katex_fonts/fonts/KaTeX_AMS-Regular.ttf":["packages/flutter_math_fork/lib/katex_fonts/fonts/KaTeX_AMS-Regular.ttf"],"packages/flutter_math_fork/lib/katex_fonts/fonts/KaTeX_Caligraphic-Bold.ttf":["packages/flutter_math_fork/lib/katex_fonts/fonts/KaTeX_Caligraphic-Bold.ttf"],"packages/flutter_math_fork/lib/katex_fonts/fonts/KaTeX_Caligraphic-Regular.ttf":["packages/flutter_math_fork/lib/katex_fonts/fonts/KaTeX_Caligraphic-Regular.ttf"],"packages/flutter_math_fork/lib/katex_fonts/fonts/KaTeX_Fraktur-Bold.ttf":["packages/flutter_math_fork/lib/katex_fonts/fonts/KaTeX_Fraktur-Bold.ttf"],"packages/flutter_math_fork/lib/katex_fonts/fonts/KaTeX_Fraktur-Regular.ttf":["packages/flutter_math_fork/lib/katex_fonts/fonts/KaTeX_Fraktur-Regular.ttf"],"packages/flutter_math_fork/lib/katex_fonts/fonts/KaTeX_Main-Bold.ttf":["packages/flutter_math_fork/lib/katex_fonts/fonts/KaTeX_Main-Bold.ttf"],"packages/flutter_math_fork/lib/katex_fonts/fonts/KaTeX_Main-BoldItalic.ttf":["packages/flutter_math_fork/lib/katex_fonts/fonts/KaTeX_Main-BoldItalic.ttf"],"packages/flutter_math_fork/lib/katex_fonts/fonts/KaTeX_Main-Italic.ttf":["packages/flutter_math_fork/lib/katex_fonts/fonts/KaTeX_Main-Italic.ttf"],"packages/flutter_math_fork/lib/katex_fonts/fonts/KaTeX_Main-Regular.ttf":["packages/flutter_math_fork/lib/katex_fonts/fonts/KaTeX_Main-Regular.ttf"],"packages/flutter_math_fork/lib/katex_fonts/fonts/KaTeX_Math-BoldItalic.ttf":["packages/flutter_math_fork/lib/katex_fonts/fonts/KaTeX_Math-BoldItalic.ttf"],"packages/flutter_math_fork/lib/katex_fonts/fonts/KaTeX_Math-Italic.ttf":["packages/flutter_math_fork/lib/katex_fonts/fonts/KaTeX_Math-Italic.ttf"],"packages/flutter_math_fork/lib/katex_fonts/fonts/KaTeX_SansSerif-Bold.ttf":["packages/flutter_math_fork/lib/katex_fonts/fonts/KaTeX_SansSerif-Bold.ttf"],"packages/flutter_math_fork/lib/katex_fonts/fonts/KaTeX_SansSerif-Italic.ttf":["packages/flutter_math_fork/lib/katex_fonts/fonts/KaTeX_SansSerif-Italic.ttf"],"packages/flutter_math_fork/lib/katex_fonts/fonts/KaTeX_SansSerif-Regular.ttf":["packages/flutter_math_fork/lib/katex_fonts/fonts/KaTeX_SansSerif-Regular.ttf"],"packages/flutter_math_fork/lib/katex_fonts/fonts/KaTeX_Script-Regular.ttf":["packages/flutter_math_fork/lib/katex_fonts/fonts/KaTeX_Script-Regular.ttf"],"packages/flutter_math_fork/lib/katex_fonts/fonts/KaTeX_Size1-Regular.ttf":["packages/flutter_math_fork/lib/katex_fonts/fonts/KaTeX_Size1-Regular.ttf"],"packages/flutter_math_fork/lib/katex_fonts/fonts/KaTeX_Size2-Regular.ttf":["packages/flutter_math_fork/lib/katex_fonts/fonts/KaTeX_Size2-Regular.ttf"],"packages/flutter_math_fork/lib/katex_fonts/fonts/KaTeX_Size3-Regular.ttf":["packages/flutter_math_fork/lib/katex_fonts/fonts/KaTeX_Size3-Regular.ttf"],"packages/flutter_math_fork/lib/katex_fonts/fonts/KaTeX_Size4-Regular.ttf":["packages/flutter_math_fork/lib/katex_fonts/fonts/KaTeX_Size4-Regular.ttf"],"packages/flutter_math_fork/lib/katex_fonts/fonts/KaTeX_Typewriter-Regular.ttf":["packages/flutter_math_fork/lib/katex_fonts/fonts/KaTeX_Typewriter-Regular.ttf"],"packages/flutter_quill_to_pdf/assets/demo_to_pdf.png":["packages/flutter_quill_to_pdf/assets/demo_to_pdf.png"],"packages/flutter_quill_to_pdf/assets/result_demo_to_pdf.png":["packages/flutter_quill_to_pdf/assets/result_demo_to_pdf.png"],"packages/fluttertoast/assets/toastify.css":["packages/fluttertoast/assets/toastify.css"],"packages/fluttertoast/assets/toastify.js":["packages/fluttertoast/assets/toastify.js"],"packages/font_awesome_flutter/lib/fonts/fa-brands-400.ttf":["packages/font_awesome_flutter/lib/fonts/fa-brands-400.ttf"],"packages/font_awesome_flutter/lib/fonts/fa-regular-400.ttf":["packages/font_awesome_flutter/lib/fonts/fa-regular-400.ttf"],"packages/font_awesome_flutter/lib/fonts/fa-solid-900.ttf":["packages/font_awesome_flutter/lib/fonts/fa-solid-900.ttf"],"packages/gpt_markdown/lib/fonts/JetBrainsMono-Regular.ttf":["packages/gpt_markdown/lib/fonts/JetBrainsMono-Regular.ttf"],"packages/quill_native_bridge_linux/assets/xclip":["packages/quill_native_bridge_linux/assets/xclip"]}